"英文关键词","主题组","中文含义","搜索意图","优先级","建议承接页面","处理方式","产品依据与限制","参考来源","词条依据","月搜索量","SEO难度","市场假设","研究日期"
"weld on hinges","核心采购","焊接铰链供应商","商业/采购","P1","/；/products/","完善现有首页和产品总览","现有业务范围；工厂所在地和OEM条款另核实","https://monroeengineering.com/blog/the-pros-and-cons-of-weld-on-hinges/","同行公开词汇/主题扩展；不代表该完整词组已有搜索","未测","未测","全球英语采购客户；不限定国家（用户确认）","2026-09-20"
"weld-on hinge manufacturer","核心采购","焊接铰链供应商","商业/采购","P1","/；/products/","完善现有首页和产品总览","现有业务范围；工厂所在地和OEM条款另核实","https://monroeengineering.com/blog/the-pros-and-cons-of-weld-on-hinges/","同行公开词汇/主题扩展；不代表该完整词组已有搜索","未测","未测","全球英语采购客户；不限定国家（用户确认）","2026-09-20"
"weld on hinge supplier","核心采购","焊接铰链供应商","商业/采购","P1","/；/products/","完善现有首页和产品总览","现有业务范围；工厂所在地和OEM条款另核实","https://monroeengineering.com/blog/the-pros-and-cons-of-weld-on-hinges/","同行公开词汇/主题扩展；不代表该完整词组已有搜索","未测","未测","全球英语采购客户；不限定国家（用户确认）","2026-09-20"
"industrial hinge manufacturer","核心采购","焊接铰链供应商","商业/采购","P1","/；/products/","完善现有首页和产品总览","现有业务范围；工厂所在地和OEM条款另核实","https://monroeengineering.com/blog/the-pros-and-cons-of-weld-on-hinges/","同行公开词汇/主题扩展；不代表该完整词组已有搜索","未测","未测","全球英语采购客户；不限定国家（用户确认）","2026-09-20"
"industrial weld on hinges","核心采购","焊接铰链供应商","商业/采购","P1","/；/products/","完善现有首页和产品总览","现有业务范围；工厂所在地和OEM条款另核实","https://monroeengineering.com/blog/the-pros-and-cons-of-weld-on-hinges/","同行公开词汇/主题扩展；不代表该完整词组已有搜索","未测","未测","全球英语采购客户；不限定国家（用户确认）","2026-09-20"
"weld on hinge factory","核心采购","焊接铰链供应商","商业/采购","P1","/；/products/","完善现有首页和产品总览","现有业务范围；工厂所在地和OEM条款另核实","https://monroeengineering.com/blog/the-pros-and-cons-of-weld-on-hinges/","同行公开词汇/主题扩展；不代表该完整词组已有搜索","未测","未测","全球英语采购客户；不限定国家（用户确认）","2026-09-20"
"weld on hinges wholesale","核心采购","焊接铰链供应商","商业/采购","P1","/；/products/","完善现有首页和产品总览","现有业务范围；工厂所在地和OEM条款另核实","https://monroeengineering.com/blog/the-pros-and-cons-of-weld-on-hinges/","同行公开词汇/主题扩展；不代表该完整词组已有搜索","未测","未测","全球英语采购客户；不限定国家（用户确认）","2026-09-20"
"weld on hinges bulk order","核心采购","焊接铰链供应商","商业/采购","P1","/；/products/","完善现有首页和产品总览","现有业务范围；工厂所在地和OEM条款另核实","https://monroeengineering.com/blog/the-pros-and-cons-of-weld-on-hinges/","同行公开词汇/主题扩展；不代表该完整词组已有搜索","未测","未测","全球英语采购客户；不限定国家（用户确认）","2026-09-20"
"weld on hinge quotation","核心采购","焊接铰链供应商","商业/采购","P1","/；/products/","完善现有首页和产品总览","现有业务范围；工厂所在地和OEM条款另核实","https://monroeengineering.com/blog/the-pros-and-cons-of-weld-on-hinges/","同行公开词汇/主题扩展；不代表该完整词组已有搜索","未测","未测","全球英语采购客户；不限定国家（用户确认）","2026-09-20"
"weld on hinge catalog","核心采购","焊接铰链供应商","商业/采购","P1","/；/products/","完善现有首页和产品总览","现有业务范围；工厂所在地和OEM条款另核实","https://monroeengineering.com/blog/the-pros-and-cons-of-weld-on-hinges/","同行公开词汇/主题扩展；不代表该完整词组已有搜索","未测","未测","全球英语采购客户；不限定国家（用户确认）","2026-09-20"
"weld on hinge types","核心采购","焊接铰链供应商","商业/采购","P1","/；/products/","完善现有首页和产品总览","现有业务范围；工厂所在地和OEM条款另核实","https://monroeengineering.com/blog/the-pros-and-cons-of-weld-on-hinges/","同行公开词汇/主题扩展；不代表该完整词组已有搜索","未测","未测","全球英语采购客户；不限定国家（用户确认）","2026-09-20"
"weld on hinge dimensions","核心采购","焊接铰链供应商","商业/采购","P1","/；/products/","完善现有首页和产品总览","现有业务范围；工厂所在地和OEM条款另核实","https://monroeengineering.com/blog/the-pros-and-cons-of-weld-on-hinges/","同行公开词汇/主题扩展；不代表该完整词组已有搜索","未测","未测","全球英语采购客户；不限定国家（用户确认）","2026-09-20"
"bearing weld on hinges","轴承型","轴承结构焊接铰链","产品比较/采购","P1","/products/bearing-weld-on-hinges/","产品页为主；文章A02支持","有轴承结构；不能据此推定轴承类别或载荷","https://www.pinet-industrie.com/en/products/24875-weld-on-hinges-and-others","同行公开词汇/主题扩展；不代表该完整词组已有搜索","未测","未测","全球英语采购客户；不限定国家（用户确认）","2026-09-20"
"weld on hinges with bearing","轴承型","轴承结构焊接铰链","产品比较/采购","P1","/products/bearing-weld-on-hinges/","产品页为主；文章A02支持","有轴承结构；不能据此推定轴承类别或载荷","https://www.pinet-industrie.com/en/products/24875-weld-on-hinges-and-others","同行公开词汇/主题扩展；不代表该完整词组已有搜索","未测","未测","全球英语采购客户；不限定国家（用户确认）","2026-09-20"
"bearing hinge manufacturer","轴承型","轴承结构焊接铰链","产品比较/采购","P1","/products/bearing-weld-on-hinges/","产品页为主；文章A02支持","有轴承结构；不能据此推定轴承类别或载荷","https://www.pinet-industrie.com/en/products/24875-weld-on-hinges-and-others","同行公开词汇/主题扩展；不代表该完整词组已有搜索","未测","未测","全球英语采购客户；不限定国家（用户确认）","2026-09-20"
"bearing weld on hinge sizes","轴承型","轴承结构焊接铰链","产品比较/采购","P1","/products/bearing-weld-on-hinges/","产品页为主；文章A02支持","有轴承结构；不能据此推定轴承类别或载荷","https://www.pinet-industrie.com/en/products/24875-weld-on-hinges-and-others","同行公开词汇/主题扩展；不代表该完整词组已有搜索","未测","未测","全球英语采购客户；不限定国家（用户确认）","2026-09-20"
"bearing weld on hinge drawing","轴承型","轴承结构焊接铰链","产品比较/采购","P1","/products/bearing-weld-on-hinges/","产品页为主；文章A02支持","有轴承结构；不能据此推定轴承类别或载荷","https://www.pinet-industrie.com/en/products/24875-weld-on-hinges-and-others","同行公开词汇/主题扩展；不代表该完整词组已有搜索","未测","未测","全球英语采购客户；不限定国家（用户确认）","2026-09-20"
"bearing vs pin hinges","轴承型","轴承结构焊接铰链","产品比较/采购","P1","/products/bearing-weld-on-hinges/","产品页为主；文章A02支持","有轴承结构；不能据此推定轴承类别或载荷","https://www.pinet-industrie.com/en/products/24875-weld-on-hinges-and-others","同行公开词汇/主题扩展；不代表该完整词组已有搜索","未测","未测","全球英语采购客户；不限定国家（用户确认）","2026-09-20"
"weld on bearing hinge supplier","轴承型","轴承结构焊接铰链","产品比较/采购","P1","/products/bearing-weld-on-hinges/","产品页为主；文章A02支持","有轴承结构；不能据此推定轴承类别或载荷","https://www.pinet-industrie.com/en/products/24875-weld-on-hinges-and-others","同行公开词汇/主题扩展；不代表该完整词组已有搜索","未测","未测","全球英语采购客户；不限定国家（用户确认）","2026-09-20"
"ball bearing weld on hinges","轴承型","轴承结构焊接铰链","产品比较/采购","资料就绪后","/products/bearing-weld-on-hinges/","产品页为主；文章A02支持","先确认自家轴承具体类型；bearing不能自动写成ball bearing","https://www.pinet-industrie.com/en/products/24875-weld-on-hinges-and-others","同行公开词汇/主题扩展；不代表该完整词组已有搜索","未测","未测","全球英语采购客户；不限定国家（用户确认）","2026-09-20"
"pin type weld on hinges","销轴与分离结构","销轴型及可拆分结构","产品比较/采购","P1","/products/pin-weld-on-hinges/","产品页为主；文章A02/A04支持","自家销轴结构已记录；具体拔出方式和安装方向要看型号","https://www.guden.com/selection-guides/removable-hinges","同行公开词汇/主题扩展；不代表该完整词组已有搜索","未测","未测","全球英语采购客户；不限定国家（用户确认）","2026-09-20"
"weld on pin hinges","销轴与分离结构","销轴型及可拆分结构","产品比较/采购","P1","/products/pin-weld-on-hinges/","产品页为主；文章A02/A04支持","自家销轴结构已记录；具体拔出方式和安装方向要看型号","https://www.guden.com/selection-guides/removable-hinges","同行公开词汇/主题扩展；不代表该完整词组已有搜索","未测","未测","全球英语采购客户；不限定国家（用户确认）","2026-09-20"
"separable weld on hinges","销轴与分离结构","销轴型及可拆分结构","产品比较/采购","P1","/products/pin-weld-on-hinges/","产品页为主；文章A02/A04支持","自家销轴结构已记录；具体拔出方式和安装方向要看型号","https://www.guden.com/selection-guides/removable-hinges","同行公开词汇/主题扩展；不代表该完整词组已有搜索","未测","未测","全球英语采购客户；不限定国家（用户确认）","2026-09-20"
"take apart weld on hinges","销轴与分离结构","销轴型及可拆分结构","产品比较/采购","P1","/products/pin-weld-on-hinges/","产品页为主；文章A02/A04支持","自家销轴结构已记录；具体拔出方式和安装方向要看型号","https://www.guden.com/selection-guides/removable-hinges","同行公开词汇/主题扩展；不代表该完整词组已有搜索","未测","未测","全球英语采购客户；不限定国家（用户确认）","2026-09-20"
"lift off weld on hinges","销轴与分离结构","销轴型及可拆分结构","产品比较/采购","P1","/products/pin-weld-on-hinges/","产品页为主；文章A02/A04支持","自家销轴结构已记录；具体拔出方式和安装方向要看型号","https://www.guden.com/selection-guides/removable-hinges","同行公开词汇/主题扩展；不代表该完整词组已有搜索","未测","未测","全球英语采购客户；不限定国家（用户确认）","2026-09-20"
"removable weld on hinges","销轴与分离结构","销轴型及可拆分结构","产品比较/采购","P1","/products/pin-weld-on-hinges/","产品页为主；文章A02/A04支持","自家销轴结构已记录；具体拔出方式和安装方向要看型号","https://www.guden.com/selection-guides/removable-hinges","同行公开词汇/主题扩展；不代表该完整词组已有搜索","未测","未测","全球英语采购客户；不限定国家（用户确认）","2026-09-20"
"weld on hinge pin diameter","销轴与分离结构","销轴型及可拆分结构","产品比较/采购","P1","/products/pin-weld-on-hinges/","产品页为主；文章A02/A04支持","自家销轴结构已记录；具体拔出方式和安装方向要看型号","https://www.guden.com/selection-guides/removable-hinges","同行公开词汇/主题扩展；不代表该完整词组已有搜索","未测","未测","全球英语采购客户；不限定国家（用户确认）","2026-09-20"
"pin weld on hinge drawing","销轴与分离结构","销轴型及可拆分结构","产品比较/采购","P1","/products/pin-weld-on-hinges/","产品页为主；文章A02/A04支持","自家销轴结构已记录；具体拔出方式和安装方向要看型号","https://www.guden.com/selection-guides/removable-hinges","同行公开词汇/主题扩展；不代表该完整词组已有搜索","未测","未测","全球英语采购客户；不限定国家（用户确认）","2026-09-20"
"replacement weld on hinge pin","销轴与分离结构","销轴型及可拆分结构","产品比较/采购","资料就绪后","/products/pin-weld-on-hinges/","产品页为主；文章A02/A04支持","先确认能否单独提供备件及尺寸兼容","https://www.guden.com/selection-guides/removable-hinges","同行公开词汇/主题扩展；不代表该完整词组已有搜索","未测","未测","全球英语采购客户；不限定国家（用户确认）","2026-09-20"
"fixed pin vs removable pin hinges","销轴与分离结构","销轴型及可拆分结构","产品比较/采购","P1","/products/pin-weld-on-hinges/","产品页为主；文章A02/A04支持","自家销轴结构已记录；具体拔出方式和安装方向要看型号","https://www.guden.com/selection-guides/removable-hinges","同行公开词汇/主题扩展；不代表该完整词组已有搜索","未测","未测","全球英语采购客户；不限定国家（用户确认）","2026-09-20"
"grease nipple weld on hinges","润滑结构","注油嘴与润滑","产品/知识","P1","/products/grease-nipple-weld-on-hinges/","产品页为主；新增A03","注油嘴结构已记录；油脂型号和周期待技术确认","https://www.guden.com/selection-guides/weld-on-hinges","同行公开词汇/主题扩展；不代表该完整词组已有搜索","未测","未测","全球英语采购客户；不限定国家（用户确认）","2026-09-20"
"weld on hinges with grease fitting","润滑结构","注油嘴与润滑","产品/知识","P1","/products/grease-nipple-weld-on-hinges/","产品页为主；新增A03","注油嘴结构已记录；油脂型号和周期待技术确认","https://www.guden.com/selection-guides/weld-on-hinges","同行公开词汇/主题扩展；不代表该完整词组已有搜索","未测","未测","全球英语采购客户；不限定国家（用户确认）","2026-09-20"
"greasable weld on hinges","润滑结构","注油嘴与润滑","产品/知识","P1","/products/grease-nipple-weld-on-hinges/","产品页为主；新增A03","注油嘴结构已记录；油脂型号和周期待技术确认","https://www.guden.com/selection-guides/weld-on-hinges","同行公开词汇/主题扩展；不代表该完整词组已有搜索","未测","未测","全球英语采购客户；不限定国家（用户确认）","2026-09-20"
"greaseable weld on hinges","润滑结构","注油嘴与润滑","产品/知识","P1","/products/grease-nipple-weld-on-hinges/","产品页为主；新增A03","注油嘴结构已记录；油脂型号和周期待技术确认","https://www.guden.com/selection-guides/weld-on-hinges","同行公开词汇/主题扩展；不代表该完整词组已有搜索","未测","未测","全球英语采购客户；不限定国家（用户确认）","2026-09-20"
"grease fitting hinge","润滑结构","注油嘴与润滑","产品/知识","P1","/products/grease-nipple-weld-on-hinges/","产品页为主；新增A03","注油嘴结构已记录；油脂型号和周期待技术确认","https://www.guden.com/selection-guides/weld-on-hinges","同行公开词汇/主题扩展；不代表该完整词组已有搜索","未测","未测","全球英语采购客户；不限定国家（用户确认）","2026-09-20"
"lubricated weld on hinges","润滑结构","注油嘴与润滑","产品/知识","P1","/products/grease-nipple-weld-on-hinges/","产品页为主；新增A03","注油嘴结构已记录；油脂型号和周期待技术确认","https://www.guden.com/selection-guides/weld-on-hinges","同行公开词汇/主题扩展；不代表该完整词组已有搜索","未测","未测","全球英语采购客户；不限定国家（用户确认）","2026-09-20"
"weld on hinge lubrication","润滑结构","注油嘴与润滑","产品/知识","P1","/products/grease-nipple-weld-on-hinges/","产品页为主；新增A03","注油嘴结构已记录；油脂型号和周期待技术确认","https://www.guden.com/selection-guides/weld-on-hinges","同行公开词汇/主题扩展；不代表该完整词组已有搜索","未测","未测","全球英语采购客户；不限定国家（用户确认）","2026-09-20"
"how to lubricate weld on hinges","润滑结构","注油嘴与润滑","产品/知识","P1","/products/grease-nipple-weld-on-hinges/","产品页为主；新增A03","注油嘴结构已记录；油脂型号和周期待技术确认","https://www.guden.com/selection-guides/weld-on-hinges","同行公开词汇/主题扩展；不代表该完整词组已有搜索","未测","未测","全球英语采购客户；不限定国家（用户确认）","2026-09-20"
"weld on hinge grease nipple position","润滑结构","注油嘴与润滑","产品/知识","P1","/products/grease-nipple-weld-on-hinges/","产品页为主；新增A03","注油嘴结构已记录；油脂型号和周期待技术确认","https://www.guden.com/selection-guides/weld-on-hinges","同行公开词汇/主题扩展；不代表该完整词组已有搜索","未测","未测","全球英语采购客户；不限定国家（用户确认）","2026-09-20"
"hinge grease fitting access","润滑结构","注油嘴与润滑","产品/知识","P1","/products/grease-nipple-weld-on-hinges/","产品页为主；新增A03","注油嘴结构已记录；油脂型号和周期待技术确认","https://www.guden.com/selection-guides/weld-on-hinges","同行公开词汇/主题扩展；不代表该完整词组已有搜索","未测","未测","全球英语采购客户；不限定国家（用户确认）","2026-09-20"
"round weld on hinges","圆柱与行业名称","圆形、bullet、barrel叫法","术语/采购","P1","/products/round-weld-on-hinges/；/products/","保留产品页；新增A01解释词义","round已记录；bullet/barrel与自家水滴、圆柱系列不可全部画等号","https://hdcmfg.com/blogs/a-guide-to-weld-on-hinges/","同行公开词汇/主题扩展；不代表该完整词组已有搜索","未测","未测","全球英语采购客户；不限定国家（用户确认）","2026-09-20"
"round weld on hinge sizes","圆柱与行业名称","圆形、bullet、barrel叫法","术语/采购","P1","/products/round-weld-on-hinges/；/products/","保留产品页；新增A01解释词义","round已记录；bullet/barrel与自家水滴、圆柱系列不可全部画等号","https://hdcmfg.com/blogs/a-guide-to-weld-on-hinges/","同行公开词汇/主题扩展；不代表该完整词组已有搜索","未测","未测","全球英语采购客户；不限定国家（用户确认）","2026-09-20"
"round weld on hinge supplier","圆柱与行业名称","圆形、bullet、barrel叫法","术语/采购","P1","/products/round-weld-on-hinges/；/products/","保留产品页；新增A01解释词义","round已记录；bullet/barrel与自家水滴、圆柱系列不可全部画等号","https://hdcmfg.com/blogs/a-guide-to-weld-on-hinges/","同行公开词汇/主题扩展；不代表该完整词组已有搜索","未测","未测","全球英语采购客户；不限定国家（用户确认）","2026-09-20"
"bullet hinges","圆柱与行业名称","圆形、bullet、barrel叫法","术语/采购","P1","/products/round-weld-on-hinges/；/products/","保留产品页；新增A01解释词义","round已记录；bullet/barrel与自家水滴、圆柱系列不可全部画等号","https://hdcmfg.com/blogs/a-guide-to-weld-on-hinges/","同行公开词汇/主题扩展；不代表该完整词组已有搜索","未测","未测","全球英语采购客户；不限定国家（用户确认）","2026-09-20"
"weld on bullet hinges","圆柱与行业名称","圆形、bullet、barrel叫法","术语/采购","P1","/products/round-weld-on-hinges/；/products/","保留产品页；新增A01解释词义","round已记录；bullet/barrel与自家水滴、圆柱系列不可全部画等号","https://hdcmfg.com/blogs/a-guide-to-weld-on-hinges/","同行公开词汇/主题扩展；不代表该完整词组已有搜索","未测","未测","全球英语采购客户；不限定国家（用户确认）","2026-09-20"
"barrel hinges","圆柱与行业名称","圆形、bullet、barrel叫法","术语/采购","P1","/products/round-weld-on-hinges/；/products/","保留产品页；新增A01解释词义","round已记录；bullet/barrel与自家水滴、圆柱系列不可全部画等号","https://hdcmfg.com/blogs/a-guide-to-weld-on-hinges/","同行公开词汇/主题扩展；不代表该完整词组已有搜索","未测","未测","全球英语采购客户；不限定国家（用户确认）","2026-09-20"
"weld on barrel hinges","圆柱与行业名称","圆形、bullet、barrel叫法","术语/采购","P1","/products/round-weld-on-hinges/；/products/","保留产品页；新增A01解释词义","round已记录；bullet/barrel与自家水滴、圆柱系列不可全部画等号","https://hdcmfg.com/blogs/a-guide-to-weld-on-hinges/","同行公开词汇/主题扩展；不代表该完整词组已有搜索","未测","未测","全球英语采购客户；不限定国家（用户确认）","2026-09-20"
"bullet hinge manufacturer","圆柱与行业名称","圆形、bullet、barrel叫法","术语/采购","P1","/products/round-weld-on-hinges/；/products/","保留产品页；新增A01解释词义","round已记录；bullet/barrel与自家水滴、圆柱系列不可全部画等号","https://hdcmfg.com/blogs/a-guide-to-weld-on-hinges/","同行公开词汇/主题扩展；不代表该完整词组已有搜索","未测","未测","全球英语采购客户；不限定国家（用户确认）","2026-09-20"
"barrel hinge manufacturer","圆柱与行业名称","圆形、bullet、barrel叫法","术语/采购","P1","/products/round-weld-on-hinges/；/products/","保留产品页；新增A01解释词义","round已记录；bullet/barrel与自家水滴、圆柱系列不可全部画等号","https://hdcmfg.com/blogs/a-guide-to-weld-on-hinges/","同行公开词汇/主题扩展；不代表该完整词组已有搜索","未测","未测","全球英语采购客户；不限定国家（用户确认）","2026-09-20"
"bullet hinge vs barrel hinge","圆柱与行业名称","圆形、bullet、barrel叫法","术语/采购","P1","/products/round-weld-on-hinges/；/products/","保留产品页；新增A01解释词义","round已记录；bullet/barrel与自家水滴、圆柱系列不可全部画等号","https://hdcmfg.com/blogs/a-guide-to-weld-on-hinges/","同行公开词汇/主题扩展；不代表该完整词组已有搜索","未测","未测","全球英语采购客户；不限定国家（用户确认）","2026-09-20"
"leafless weld on hinges","圆柱与行业名称","圆形、bullet、barrel叫法","术语/采购","P1","/products/round-weld-on-hinges/；/products/","保留产品页；新增A01解释词义","round已记录；bullet/barrel与自家水滴、圆柱系列不可全部画等号","https://hdcmfg.com/blogs/a-guide-to-weld-on-hinges/","同行公开词汇/主题扩展；不代表该完整词组已有搜索","未测","未测","全球英语采购客户；不限定国家（用户确认）","2026-09-20"
"weldable barrel hinges","圆柱与行业名称","圆形、bullet、barrel叫法","术语/采购","P1","/products/round-weld-on-hinges/；/products/","保留产品页；新增A01解释词义","round已记录；bullet/barrel与自家水滴、圆柱系列不可全部画等号","https://hdcmfg.com/blogs/a-guide-to-weld-on-hinges/","同行公开词汇/主题扩展；不代表该完整词组已有搜索","未测","未测","全球英语采购客户；不限定国家（用户确认）","2026-09-20"
"adjustable weld on hinges","可调型","可调焊接铰链","产品/比较","P2","/products/adjustable-weld-on-hinges/","先补产品问答；新增A05","有可调产品；调节方向、范围和门用途待确认","https://www.locinoxusa.com/gate-hardware/hinges/","同行公开词汇/主题扩展；不代表该完整词组已有搜索","未测","未测","全球英语采购客户；不限定国家（用户确认）","2026-09-20"
"adjustable weld on hinge manufacturer","可调型","可调焊接铰链","产品/比较","P2","/products/adjustable-weld-on-hinges/","先补产品问答；新增A05","有可调产品；调节方向、范围和门用途待确认","https://www.locinoxusa.com/gate-hardware/hinges/","同行公开词汇/主题扩展；不代表该完整词组已有搜索","未测","未测","全球英语采购客户；不限定国家（用户确认）","2026-09-20"
"adjustable weld on hinge dimensions","可调型","可调焊接铰链","产品/比较","P2","/products/adjustable-weld-on-hinges/","先补产品问答；新增A05","有可调产品；调节方向、范围和门用途待确认","https://www.locinoxusa.com/gate-hardware/hinges/","同行公开词汇/主题扩展；不代表该完整词组已有搜索","未测","未测","全球英语采购客户；不限定国家（用户确认）","2026-09-20"
"adjustable weld on hinge drawing","可调型","可调焊接铰链","产品/比较","P2","/products/adjustable-weld-on-hinges/","先补产品问答；新增A05","有可调产品；调节方向、范围和门用途待确认","https://www.locinoxusa.com/gate-hardware/hinges/","同行公开词汇/主题扩展；不代表该完整词组已有搜索","未测","未测","全球英语采购客户；不限定国家（用户确认）","2026-09-20"
"adjustable vs fixed hinges","可调型","可调焊接铰链","产品/比较","P2","/products/adjustable-weld-on-hinges/","先补产品问答；新增A05","有可调产品；调节方向、范围和门用途待确认","https://www.locinoxusa.com/gate-hardware/hinges/","同行公开词汇/主题扩展；不代表该完整词组已有搜索","未测","未测","全球英语采购客户；不限定国家（用户确认）","2026-09-20"
"weld on hinge adjustment","可调型","可调焊接铰链","产品/比较","P2","/products/adjustable-weld-on-hinges/","先补产品问答；新增A05","有可调产品；调节方向、范围和门用途待确认","https://www.locinoxusa.com/gate-hardware/hinges/","同行公开词汇/主题扩展；不代表该完整词组已有搜索","未测","未测","全球英语采购客户；不限定国家（用户确认）","2026-09-20"
"adjustable weld on gate hinges","可调型","可调焊接铰链","产品/比较","资料就绪后","/products/adjustable-weld-on-hinges/","先补产品问答；新增A05","先确认自家可调产品的门类应用","https://www.locinoxusa.com/gate-hardware/hinges/","同行公开词汇/主题扩展；不代表该完整词组已有搜索","未测","未测","全球英语采购客户；不限定国家（用户确认）","2026-09-20"
"3 way adjustable weld on hinges","可调型","可调焊接铰链","产品/比较","资料就绪后","/products/adjustable-weld-on-hinges/","先补产品问答；新增A05","先确认调节方向；不能套用Locinox的三维或四维功能","https://www.locinoxusa.com/gate-hardware/hinges/","同行公开词汇/主题扩展；不代表该完整词组已有搜索","未测","未测","全球英语采购客户；不限定国家（用户确认）","2026-09-20"
"square weld on hinges","方形型","方形截面铰链","产品/采购","P2","/products/square-weld-on-hinges/","现有产品页承接，不为近义词另开文章","有方形产品；不同形状不代表同一载荷或互换","https://hingetra.com/products/","现有目录/本站主题扩展；不代表已观测搜索","未测","未测","全球英语采购客户；不限定国家（用户确认）","2026-09-20"
"square profile weld on hinges","方形型","方形截面铰链","产品/采购","P2","/products/square-weld-on-hinges/","现有产品页承接，不为近义词另开文章","有方形产品；不同形状不代表同一载荷或互换","https://hingetra.com/products/","现有目录/本站主题扩展；不代表已观测搜索","未测","未测","全球英语采购客户；不限定国家（用户确认）","2026-09-20"
"square weld on hinge sizes","方形型","方形截面铰链","产品/采购","P2","/products/square-weld-on-hinges/","现有产品页承接，不为近义词另开文章","有方形产品；不同形状不代表同一载荷或互换","https://hingetra.com/products/","现有目录/本站主题扩展；不代表已观测搜索","未测","未测","全球英语采购客户；不限定国家（用户确认）","2026-09-20"
"square weld on hinge drawing","方形型","方形截面铰链","产品/采购","P2","/products/square-weld-on-hinges/","现有产品页承接，不为近义词另开文章","有方形产品；不同形状不代表同一载荷或互换","https://hingetra.com/products/","现有目录/本站主题扩展；不代表已观测搜索","未测","未测","全球英语采购客户；不限定国家（用户确认）","2026-09-20"
"square weld on hinge manufacturer","方形型","方形截面铰链","产品/采购","P2","/products/square-weld-on-hinges/","现有产品页承接，不为近义词另开文章","有方形产品；不同形状不代表同一载荷或互换","https://hingetra.com/products/","现有目录/本站主题扩展；不代表已观测搜索","未测","未测","全球英语采购客户；不限定国家（用户确认）","2026-09-20"
"square vs round weld on hinges","方形型","方形截面铰链","产品/采购","P2","/products/square-weld-on-hinges/","现有产品页承接，不为近义词另开文章","有方形产品；不同形状不代表同一载荷或互换","https://hingetra.com/products/","现有目录/本站主题扩展；不代表已观测搜索","未测","未测","全球英语采购客户；不限定国家（用户确认）","2026-09-20"
"weld on flag hinges","旗形型","旗形与左右手","产品/安装知识","P2","/products/flag-weld-on-hinges/","现有产品页；新增A06","两款产品已记录；左右手规则及可拆方向须逐款确认","https://www.pinet-industrie.com/en/products/24875-weld-on-hinges-and-others","同行公开词汇/主题扩展；不代表该完整词组已有搜索","未测","未测","全球英语采购客户；不限定国家（用户确认）","2026-09-20"
"industrial flag hinges","旗形型","旗形与左右手","产品/安装知识","P2","/products/flag-weld-on-hinges/","现有产品页；新增A06","两款产品已记录；左右手规则及可拆方向须逐款确认","https://www.pinet-industrie.com/en/products/24875-weld-on-hinges-and-others","同行公开词汇/主题扩展；不代表该完整词组已有搜索","未测","未测","全球英语采购客户；不限定国家（用户确认）","2026-09-20"
"flag hinge manufacturer","旗形型","旗形与左右手","产品/安装知识","P2","/products/flag-weld-on-hinges/","现有产品页；新增A06","两款产品已记录；左右手规则及可拆方向须逐款确认","https://www.pinet-industrie.com/en/products/24875-weld-on-hinges-and-others","同行公开词汇/主题扩展；不代表该完整词组已有搜索","未测","未测","全球英语采购客户；不限定国家（用户确认）","2026-09-20"
"flag hinge dimensions","旗形型","旗形与左右手","产品/安装知识","P2","/products/flag-weld-on-hinges/","现有产品页；新增A06","两款产品已记录；左右手规则及可拆方向须逐款确认","https://www.pinet-industrie.com/en/products/24875-weld-on-hinges-and-others","同行公开词汇/主题扩展；不代表该完整词组已有搜索","未测","未测","全球英语采购客户；不限定国家（用户确认）","2026-09-20"
"flag hinge drawing","旗形型","旗形与左右手","产品/安装知识","P2","/products/flag-weld-on-hinges/","现有产品页；新增A06","两款产品已记录；左右手规则及可拆方向须逐款确认","https://www.pinet-industrie.com/en/products/24875-weld-on-hinges-and-others","同行公开词汇/主题扩展；不代表该完整词组已有搜索","未测","未测","全球英语采购客户；不限定国家（用户确认）","2026-09-20"
"flag hinge left hand right hand","旗形型","旗形与左右手","产品/安装知识","P2","/products/flag-weld-on-hinges/","现有产品页；新增A06","两款产品已记录；左右手规则及可拆方向须逐款确认","https://www.pinet-industrie.com/en/products/24875-weld-on-hinges-and-others","同行公开词汇/主题扩展；不代表该完整词组已有搜索","未测","未测","全球英语采购客户；不限定国家（用户确认）","2026-09-20"
"lift off flag hinges","旗形型","旗形与左右手","产品/安装知识","P2","/products/flag-weld-on-hinges/","现有产品页；新增A06","两款产品已记录；左右手规则及可拆方向须逐款确认","https://www.pinet-industrie.com/en/products/24875-weld-on-hinges-and-others","同行公开词汇/主题扩展；不代表该完整词组已有搜索","未测","未测","全球英语采购客户；不限定国家（用户确认）","2026-09-20"
"flag hinge vs butt hinge","旗形型","旗形与左右手","产品/安装知识","P2","/products/flag-weld-on-hinges/","现有产品页；新增A06","两款产品已记录；左右手规则及可拆方向须逐款确认","https://www.pinet-industrie.com/en/products/24875-weld-on-hinges-and-others","同行公开词汇/主题扩展；不代表该完整词组已有搜索","未测","未测","全球英语采购客户；不限定国家（用户确认）","2026-09-20"
"gasket type weld on hinges","垫圈型","垫圈/垫片结构","产品比较","P2","/products/gasket-weld-on-hinges/","现有产品页；合并在A02","只确认可见垫圈；不推定密封功能、材质或轴承性能","https://hingetra.com/products/","现有目录/本站主题扩展；不代表已观测搜索","未测","未测","全球英语采购客户；不限定国家（用户确认）","2026-09-20"
"weld on hinges with washer","垫圈型","垫圈/垫片结构","产品比较","P2","/products/gasket-weld-on-hinges/","现有产品页；合并在A02","只确认可见垫圈；不推定密封功能、材质或轴承性能","https://hingetra.com/products/","现有目录/本站主题扩展；不代表已观测搜索","未测","未测","全球英语采购客户；不限定国家（用户确认）","2026-09-20"
"washer type weld on hinges","垫圈型","垫圈/垫片结构","产品比较","P2","/products/gasket-weld-on-hinges/","现有产品页；合并在A02","只确认可见垫圈；不推定密封功能、材质或轴承性能","https://hingetra.com/products/","现有目录/本站主题扩展；不代表已观测搜索","未测","未测","全球英语采购客户；不限定国家（用户确认）","2026-09-20"
"weld on hinge washer","垫圈型","垫圈/垫片结构","产品比较","P2","/products/gasket-weld-on-hinges/","现有产品页；合并在A02","只确认可见垫圈；不推定密封功能、材质或轴承性能","https://hingetra.com/products/","现有目录/本站主题扩展；不代表已观测搜索","未测","未测","全球英语采购客户；不限定国家（用户确认）","2026-09-20"
"washer vs bearing hinge","垫圈型","垫圈/垫片结构","产品比较","P2","/products/gasket-weld-on-hinges/","现有产品页；合并在A02","只确认可见垫圈；不推定密封功能、材质或轴承性能","https://hingetra.com/products/","现有目录/本站主题扩展；不代表已观测搜索","未测","未测","全球英语采购客户；不限定国家（用户确认）","2026-09-20"
"gasket weld on hinge drawing","垫圈型","垫圈/垫片结构","产品比较","P2","/products/gasket-weld-on-hinges/","现有产品页；合并在A02","只确认可见垫圈；不推定密封功能、材质或轴承性能","https://hingetra.com/products/","现有目录/本站主题扩展；不代表已观测搜索","未测","未测","全球英语采购客户；不限定国家（用户确认）","2026-09-20"
"20-A weld on hinge","目录型号","自家20及12/14/16型号","型号查询","P3","/products/20-type-weld-on-hinges/；/products/12-14-16-type-weld-on-hinges/","保留型号表和问答，不单独做泛SEO文章","内部目录型号；未验证外部搜索需求；型号不等于直径","https://hingetra.com/products/","现有目录/本站主题扩展；不代表已观测搜索","未测","未测","全球英语采购客户；不限定国家（用户确认）","2026-09-20"
"20-B weld on hinge","目录型号","自家20及12/14/16型号","型号查询","P3","/products/20-type-weld-on-hinges/；/products/12-14-16-type-weld-on-hinges/","保留型号表和问答，不单独做泛SEO文章","内部目录型号；未验证外部搜索需求；型号不等于直径","https://hingetra.com/products/","现有目录/本站主题扩展；不代表已观测搜索","未测","未测","全球英语采购客户；不限定国家（用户确认）","2026-09-20"
"20 type weld on hinges","目录型号","自家20及12/14/16型号","型号查询","P3","/products/20-type-weld-on-hinges/；/products/12-14-16-type-weld-on-hinges/","保留型号表和问答，不单独做泛SEO文章","内部目录型号；未验证外部搜索需求；型号不等于直径","https://hingetra.com/products/","现有目录/本站主题扩展；不代表已观测搜索","未测","未测","全球英语采购客户；不限定国家（用户确认）","2026-09-20"
"12-A weld on hinge","目录型号","自家20及12/14/16型号","型号查询","P3","/products/20-type-weld-on-hinges/；/products/12-14-16-type-weld-on-hinges/","保留型号表和问答，不单独做泛SEO文章","内部目录型号；未验证外部搜索需求；型号不等于直径","https://hingetra.com/products/","现有目录/本站主题扩展；不代表已观测搜索","未测","未测","全球英语采购客户；不限定国家（用户确认）","2026-09-20"
"14-A weld on hinge","目录型号","自家20及12/14/16型号","型号查询","P3","/products/20-type-weld-on-hinges/；/products/12-14-16-type-weld-on-hinges/","保留型号表和问答，不单独做泛SEO文章","内部目录型号；未验证外部搜索需求；型号不等于直径","https://hingetra.com/products/","现有目录/本站主题扩展；不代表已观测搜索","未测","未测","全球英语采购客户；不限定国家（用户确认）","2026-09-20"
"16-A weld on hinge","目录型号","自家20及12/14/16型号","型号查询","P3","/products/20-type-weld-on-hinges/；/products/12-14-16-type-weld-on-hinges/","保留型号表和问答，不单独做泛SEO文章","内部目录型号；未验证外部搜索需求；型号不等于直径","https://hingetra.com/products/","现有目录/本站主题扩展；不代表已观测搜索","未测","未测","全球英语采购客户；不限定国家（用户确认）","2026-09-20"
"weld on hinges for electrical cabinets","柜门应用","电控柜与钢门","应用/采购","P1","/resources/weld-on-hinges-for-electrical-control-cabinets/","更新原文R04；链接已有相关产品","水滴组目录应用已记录；IP防护和密封等级未验证","https://www.jingmays.com/en-US/blogc7-what-is-a-weld-on-hinge-a-comprehensive-guide","同行公开词汇/主题扩展；不代表该完整词组已有搜索","未测","未测","全球英语采购客户；不限定国家（用户确认）","2026-09-20"
"control cabinet door hinges","柜门应用","电控柜与钢门","应用/采购","P1","/resources/weld-on-hinges-for-electrical-control-cabinets/","更新原文R04；链接已有相关产品","水滴组目录应用已记录；IP防护和密封等级未验证","https://www.jingmays.com/en-US/blogc7-what-is-a-weld-on-hinge-a-comprehensive-guide","同行公开词汇/主题扩展；不代表该完整词组已有搜索","未测","未测","全球英语采购客户；不限定国家（用户确认）","2026-09-20"
"electrical enclosure hinges","柜门应用","电控柜与钢门","应用/采购","P1","/resources/weld-on-hinges-for-electrical-control-cabinets/","更新原文R04；链接已有相关产品","水滴组目录应用已记录；IP防护和密封等级未验证","https://www.jingmays.com/en-US/blogc7-what-is-a-weld-on-hinge-a-comprehensive-guide","同行公开词汇/主题扩展；不代表该完整词组已有搜索","未测","未测","全球英语采购客户；不限定国家（用户确认）","2026-09-20"
"switch cabinet hinges","柜门应用","电控柜与钢门","应用/采购","P1","/resources/weld-on-hinges-for-electrical-control-cabinets/","更新原文R04；链接已有相关产品","水滴组目录应用已记录；IP防护和密封等级未验证","https://www.jingmays.com/en-US/blogc7-what-is-a-weld-on-hinge-a-comprehensive-guide","同行公开词汇/主题扩展；不代表该完整词组已有搜索","未测","未测","全球英语采购客户；不限定国家（用户确认）","2026-09-20"
"metal cabinet weld on hinges","柜门应用","电控柜与钢门","应用/采购","P1","/resources/weld-on-hinges-for-electrical-control-cabinets/","更新原文R04；链接已有相关产品","水滴组目录应用已记录；IP防护和密封等级未验证","https://www.jingmays.com/en-US/blogc7-what-is-a-weld-on-hinge-a-comprehensive-guide","同行公开词汇/主题扩展；不代表该完整词组已有搜索","未测","未测","全球英语采购客户；不限定国家（用户确认）","2026-09-20"
"industrial cabinet hinges","柜门应用","电控柜与钢门","应用/采购","P1","/resources/weld-on-hinges-for-electrical-control-cabinets/","更新原文R04；链接已有相关产品","水滴组目录应用已记录；IP防护和密封等级未验证","https://www.jingmays.com/en-US/blogc7-what-is-a-weld-on-hinge-a-comprehensive-guide","同行公开词汇/主题扩展；不代表该完整词组已有搜索","未测","未测","全球英语采购客户；不限定国家（用户确认）","2026-09-20"
"weld on hinges for steel doors","柜门应用","电控柜与钢门","应用/采购","P1","/resources/weld-on-hinges-for-electrical-control-cabinets/","更新原文R04；链接已有相关产品","水滴组目录应用已记录；IP防护和密封等级未验证","https://www.jingmays.com/en-US/blogc7-what-is-a-weld-on-hinge-a-comprehensive-guide","同行公开词汇/主题扩展；不代表该完整词组已有搜索","未测","未测","全球英语采购客户；不限定国家（用户确认）","2026-09-20"
"hinges for metal enclosure doors","柜门应用","电控柜与钢门","应用/采购","P1","/resources/weld-on-hinges-for-electrical-control-cabinets/","更新原文R04；链接已有相关产品","水滴组目录应用已记录；IP防护和密封等级未验证","https://www.jingmays.com/en-US/blogc7-what-is-a-weld-on-hinge-a-comprehensive-guide","同行公开词汇/主题扩展；不代表该完整词组已有搜索","未测","未测","全球英语采购客户；不限定国家（用户确认）","2026-09-20"
"network cabinet hinges","柜门应用","电控柜与钢门","应用/采购","P1","/resources/weld-on-hinges-for-electrical-control-cabinets/","更新原文R04；链接已有相关产品","水滴组目录应用已记录；IP防护和密封等级未验证","https://www.jingmays.com/en-US/blogc7-what-is-a-weld-on-hinge-a-comprehensive-guide","同行公开词汇/主题扩展；不代表该完整词组已有搜索","未测","未测","全球英语采购客户；不限定国家（用户确认）","2026-09-20"
"cabinet door hinge clearance","柜门应用","电控柜与钢门","应用/采购","P1","/resources/weld-on-hinges-for-electrical-control-cabinets/","更新原文R04；链接已有相关产品","水滴组目录应用已记录；IP防护和密封等级未验证","https://www.jingmays.com/en-US/blogc7-what-is-a-weld-on-hinge-a-comprehensive-guide","同行公开词汇/主题扩展；不代表该完整词组已有搜索","未测","未测","全球英语采购客户；不限定国家（用户确认）","2026-09-20"
"weld on gate hinges","门、拖车、坡道","已有应用范围","应用/采购","P1","/resources/weld-on-hinges-for-gates-trailer-doors-and-ramps/","先更新原文R03；按实际需求再拆应用","自家目录仅12/14/16系列明确关联；重载必须另证","https://www.kirmell.co.uk/what-are-weld-on-butt-hinges/","同行公开词汇/主题扩展；不代表该完整词组已有搜索","未测","未测","全球英语采购客户；不限定国家（用户确认）","2026-09-20"
"weld on hinges for metal gates","门、拖车、坡道","已有应用范围","应用/采购","P1","/resources/weld-on-hinges-for-gates-trailer-doors-and-ramps/","先更新原文R03；按实际需求再拆应用","自家目录仅12/14/16系列明确关联；重载必须另证","https://www.kirmell.co.uk/what-are-weld-on-butt-hinges/","同行公开词汇/主题扩展；不代表该完整词组已有搜索","未测","未测","全球英语采购客户；不限定国家（用户确认）","2026-09-20"
"weld on hinges for steel gates","门、拖车、坡道","已有应用范围","应用/采购","P1","/resources/weld-on-hinges-for-gates-trailer-doors-and-ramps/","先更新原文R03；按实际需求再拆应用","自家目录仅12/14/16系列明确关联；重载必须另证","https://www.kirmell.co.uk/what-are-weld-on-butt-hinges/","同行公开词汇/主题扩展；不代表该完整词组已有搜索","未测","未测","全球英语采购客户；不限定国家（用户确认）","2026-09-20"
"trailer door weld on hinges","门、拖车、坡道","已有应用范围","应用/采购","P1","/resources/weld-on-hinges-for-gates-trailer-doors-and-ramps/","先更新原文R03；按实际需求再拆应用","自家目录仅12/14/16系列明确关联；重载必须另证","https://www.kirmell.co.uk/what-are-weld-on-butt-hinges/","同行公开词汇/主题扩展；不代表该完整词组已有搜索","未测","未测","全球英语采购客户；不限定国家（用户确认）","2026-09-20"
"weld on trailer hinges","门、拖车、坡道","已有应用范围","应用/采购","P1","/resources/weld-on-hinges-for-gates-trailer-doors-and-ramps/","先更新原文R03；按实际需求再拆应用","自家目录仅12/14/16系列明确关联；重载必须另证","https://www.kirmell.co.uk/what-are-weld-on-butt-hinges/","同行公开词汇/主题扩展；不代表该完整词组已有搜索","未测","未测","全球英语采购客户；不限定国家（用户确认）","2026-09-20"
"trailer ramp hinges","门、拖车、坡道","已有应用范围","应用/采购","P1","/resources/weld-on-hinges-for-gates-trailer-doors-and-ramps/","先更新原文R03；按实际需求再拆应用","自家目录仅12/14/16系列明确关联；重载必须另证","https://www.kirmell.co.uk/what-are-weld-on-butt-hinges/","同行公开词汇/主题扩展；不代表该完整词组已有搜索","未测","未测","全球英语采购客户；不限定国家（用户确认）","2026-09-20"
"weld on ramp hinges","门、拖车、坡道","已有应用范围","应用/采购","P1","/resources/weld-on-hinges-for-gates-trailer-doors-and-ramps/","先更新原文R03；按实际需求再拆应用","自家目录仅12/14/16系列明确关联；重载必须另证","https://www.kirmell.co.uk/what-are-weld-on-butt-hinges/","同行公开词汇/主题扩展；不代表该完整词组已有搜索","未测","未测","全球英语采购客户；不限定国家（用户确认）","2026-09-20"
"gate hinge selection","门、拖车、坡道","已有应用范围","应用/采购","P1","/resources/weld-on-hinges-for-gates-trailer-doors-and-ramps/","先更新原文R03；按实际需求再拆应用","自家目录仅12/14/16系列明确关联；重载必须另证","https://www.kirmell.co.uk/what-are-weld-on-butt-hinges/","同行公开词汇/主题扩展；不代表该完整词组已有搜索","未测","未测","全球英语采购客户；不限定国家（用户确认）","2026-09-20"
"trailer door hinge replacement","门、拖车、坡道","已有应用范围","应用/采购","P1","/resources/weld-on-hinges-for-gates-trailer-doors-and-ramps/","先更新原文R03；按实际需求再拆应用","自家目录仅12/14/16系列明确关联；重载必须另证","https://www.kirmell.co.uk/what-are-weld-on-butt-hinges/","同行公开词汇/主题扩展；不代表该完整词组已有搜索","未测","未测","全球英语采购客户；不限定国家（用户确认）","2026-09-20"
"ramp hinge dimensions","门、拖车、坡道","已有应用范围","应用/采购","P1","/resources/weld-on-hinges-for-gates-trailer-doors-and-ramps/","先更新原文R03；按实际需求再拆应用","自家目录仅12/14/16系列明确关联；重载必须另证","https://www.kirmell.co.uk/what-are-weld-on-butt-hinges/","同行公开词汇/主题扩展；不代表该完整词组已有搜索","未测","未测","全球英语采购客户；不限定国家（用户确认）","2026-09-20"
"weld on hinge sizes","尺寸与图纸","测量、参数与替换","知识/采购前准备","P1","/resources/weld-on-hinge-sizes/","更新R02；新增A07只回答替换兼容性","共用现有规格来源；尺寸单位和模型符号不自行补推","https://www.guden.com/selection-guides/weld-on-hinges","同行公开词汇/主题扩展；不代表该完整词组已有搜索","未测","未测","全球英语采购客户；不限定国家（用户确认）","2026-09-20"
"weld on hinge size chart","尺寸与图纸","测量、参数与替换","知识/采购前准备","P1","/resources/weld-on-hinge-sizes/","更新R02；新增A07只回答替换兼容性","共用现有规格来源；尺寸单位和模型符号不自行补推","https://www.guden.com/selection-guides/weld-on-hinges","同行公开词汇/主题扩展；不代表该完整词组已有搜索","未测","未测","全球英语采购客户；不限定国家（用户确认）","2026-09-20"
"how to measure a weld on hinge","尺寸与图纸","测量、参数与替换","知识/采购前准备","P1","/resources/weld-on-hinge-sizes/","更新R02；新增A07只回答替换兼容性","共用现有规格来源；尺寸单位和模型符号不自行补推","https://www.guden.com/selection-guides/weld-on-hinges","同行公开词汇/主题扩展；不代表该完整词组已有搜索","未测","未测","全球英语采购客户；不限定国家（用户确认）","2026-09-20"
"weld on hinge length","尺寸与图纸","测量、参数与替换","知识/采购前准备","P1","/resources/weld-on-hinge-sizes/","更新R02；新增A07只回答替换兼容性","共用现有规格来源；尺寸单位和模型符号不自行补推","https://www.guden.com/selection-guides/weld-on-hinges","同行公开词汇/主题扩展；不代表该完整词组已有搜索","未测","未测","全球英语采购客户；不限定国家（用户确认）","2026-09-20"
"weld on hinge body diameter","尺寸与图纸","测量、参数与替换","知识/采购前准备","P1","/resources/weld-on-hinge-sizes/","更新R02；新增A07只回答替换兼容性","共用现有规格来源；尺寸单位和模型符号不自行补推","https://www.guden.com/selection-guides/weld-on-hinges","同行公开词汇/主题扩展；不代表该完整词组已有搜索","未测","未测","全球英语采购客户；不限定国家（用户确认）","2026-09-20"
"hinge pin diameter","尺寸与图纸","测量、参数与替换","知识/采购前准备","P1","/resources/weld-on-hinge-sizes/","更新R02；新增A07只回答替换兼容性","共用现有规格来源；尺寸单位和模型符号不自行补推","https://www.guden.com/selection-guides/weld-on-hinges","同行公开词汇/主题扩展；不代表该完整词组已有搜索","未测","未测","全球英语采购客户；不限定国家（用户确认）","2026-09-20"
"weld on hinge technical drawing","尺寸与图纸","测量、参数与替换","知识/采购前准备","P1","/resources/weld-on-hinge-sizes/","更新R02；新增A07只回答替换兼容性","共用现有规格来源；尺寸单位和模型符号不自行补推","https://www.guden.com/selection-guides/weld-on-hinges","同行公开词汇/主题扩展；不代表该完整词组已有搜索","未测","未测","全球英语采购客户；不限定国家（用户确认）","2026-09-20"
"weld on hinge dimensional drawing","尺寸与图纸","测量、参数与替换","知识/采购前准备","P1","/resources/weld-on-hinge-sizes/","更新R02；新增A07只回答替换兼容性","共用现有规格来源；尺寸单位和模型符号不自行补推","https://www.guden.com/selection-guides/weld-on-hinges","同行公开词汇/主题扩展；不代表该完整词组已有搜索","未测","未测","全球英语采购客户；不限定国家（用户确认）","2026-09-20"
"replacement weld on hinge dimensions","尺寸与图纸","测量、参数与替换","知识/采购前准备","P1","/resources/weld-on-hinge-sizes/","更新R02；新增A07只回答替换兼容性","共用现有规格来源；尺寸单位和模型符号不自行补推","https://www.guden.com/selection-guides/weld-on-hinges","同行公开词汇/主题扩展；不代表该完整词组已有搜索","未测","未测","全球英语采购客户；不限定国家（用户确认）","2026-09-20"
"metric weld on hinges","尺寸与图纸","测量、参数与替换","知识/采购前准备","P1","/resources/weld-on-hinge-sizes/","更新R02；新增A07只回答替换兼容性","共用现有规格来源；尺寸单位和模型符号不自行补推","https://www.guden.com/selection-guides/weld-on-hinges","同行公开词汇/主题扩展；不代表该完整词组已有搜索","未测","未测","全球英语采购客户；不限定国家（用户确认）","2026-09-20"
"weld on hinge clearance","尺寸与图纸","测量、参数与替换","知识/采购前准备","P1","/resources/weld-on-hinge-sizes/","更新R02；新增A07只回答替换兼容性","共用现有规格来源；尺寸单位和模型符号不自行补推","https://www.guden.com/selection-guides/weld-on-hinges","同行公开词汇/主题扩展；不代表该完整词组已有搜索","未测","未测","全球英语采购客户；不限定国家（用户确认）","2026-09-20"
"hinge drawing dimensions","尺寸与图纸","测量、参数与替换","知识/采购前准备","P1","/resources/weld-on-hinge-sizes/","更新R02；新增A07只回答替换兼容性","共用现有规格来源；尺寸单位和模型符号不自行补推","https://www.guden.com/selection-guides/weld-on-hinges","同行公开词汇/主题扩展；不代表该完整词组已有搜索","未测","未测","全球英语采购客户；不限定国家（用户确认）","2026-09-20"
"custom weld on hinges","定制与询价","定制采购资料","商业/询价","P1","/custom-hinges/；/resources/standard-vs-custom-weld-on-hinges/；/resources/prepare-hinge-drawing-dimension-request/","定制页接采购词；R05/R06分工；A08做采购检查","七族明确支持定制；OEM、MOQ、交期、样品政策未确认","https://monroeengineering.com/blog/the-pros-and-cons-of-weld-on-hinges/","同行公开词汇/主题扩展；不代表该完整词组已有搜索","未测","未测","全球英语采购客户；不限定国家（用户确认）","2026-09-20"
"custom hinge manufacturer","定制与询价","定制采购资料","商业/询价","P1","/custom-hinges/；/resources/standard-vs-custom-weld-on-hinges/；/resources/prepare-hinge-drawing-dimension-request/","定制页接采购词；R05/R06分工；A08做采购检查","七族明确支持定制；OEM、MOQ、交期、样品政策未确认","https://monroeengineering.com/blog/the-pros-and-cons-of-weld-on-hinges/","同行公开词汇/主题扩展；不代表该完整词组已有搜索","未测","未测","全球英语采购客户；不限定国家（用户确认）","2026-09-20"
"custom industrial hinges","定制与询价","定制采购资料","商业/询价","P1","/custom-hinges/；/resources/standard-vs-custom-weld-on-hinges/；/resources/prepare-hinge-drawing-dimension-request/","定制页接采购词；R05/R06分工；A08做采购检查","七族明确支持定制；OEM、MOQ、交期、样品政策未确认","https://monroeengineering.com/blog/the-pros-and-cons-of-weld-on-hinges/","同行公开词汇/主题扩展；不代表该完整词组已有搜索","未测","未测","全球英语采购客户；不限定国家（用户确认）","2026-09-20"
"custom hinge dimensions","定制与询价","定制采购资料","商业/询价","P1","/custom-hinges/；/resources/standard-vs-custom-weld-on-hinges/；/resources/prepare-hinge-drawing-dimension-request/","定制页接采购词；R05/R06分工；A08做采购检查","七族明确支持定制；OEM、MOQ、交期、样品政策未确认","https://monroeengineering.com/blog/the-pros-and-cons-of-weld-on-hinges/","同行公开词汇/主题扩展；不代表该完整词组已有搜索","未测","未测","全球英语采购客户；不限定国家（用户确认）","2026-09-20"
"custom weld on hinge quotation","定制与询价","定制采购资料","商业/询价","P1","/custom-hinges/；/resources/standard-vs-custom-weld-on-hinges/；/resources/prepare-hinge-drawing-dimension-request/","定制页接采购词；R05/R06分工；A08做采购检查","七族明确支持定制；OEM、MOQ、交期、样品政策未确认","https://monroeengineering.com/blog/the-pros-and-cons-of-weld-on-hinges/","同行公开词汇/主题扩展；不代表该完整词组已有搜索","未测","未测","全球英语采购客户；不限定国家（用户确认）","2026-09-20"
"hinge manufacturing from drawing","定制与询价","定制采购资料","商业/询价","P1","/custom-hinges/；/resources/standard-vs-custom-weld-on-hinges/；/resources/prepare-hinge-drawing-dimension-request/","定制页接采购词；R05/R06分工；A08做采购检查","七族明确支持定制；OEM、MOQ、交期、样品政策未确认","https://monroeengineering.com/blog/the-pros-and-cons-of-weld-on-hinges/","同行公开词汇/主题扩展；不代表该完整词组已有搜索","未测","未测","全球英语采购客户；不限定国家（用户确认）","2026-09-20"
"hinge RFQ checklist","定制与询价","定制采购资料","商业/询价","P1","/custom-hinges/；/resources/standard-vs-custom-weld-on-hinges/；/resources/prepare-hinge-drawing-dimension-request/","定制页接采购词；R05/R06分工；A08做采购检查","七族明确支持定制；OEM、MOQ、交期、样品政策未确认","https://monroeengineering.com/blog/the-pros-and-cons-of-weld-on-hinges/","同行公开词汇/主题扩展；不代表该完整词组已有搜索","未测","未测","全球英语采购客户；不限定国家（用户确认）","2026-09-20"
"hinge supplier drawing requirements","定制与询价","定制采购资料","商业/询价","P1","/custom-hinges/；/resources/standard-vs-custom-weld-on-hinges/；/resources/prepare-hinge-drawing-dimension-request/","定制页接采购词；R05/R06分工；A08做采购检查","七族明确支持定制；OEM、MOQ、交期、样品政策未确认","https://monroeengineering.com/blog/the-pros-and-cons-of-weld-on-hinges/","同行公开词汇/主题扩展；不代表该完整词组已有搜索","未测","未测","全球英语采购客户；不限定国家（用户确认）","2026-09-20"
"weld on hinge supplier checklist","定制与询价","定制采购资料","商业/询价","P1","/custom-hinges/；/resources/standard-vs-custom-weld-on-hinges/；/resources/prepare-hinge-drawing-dimension-request/","定制页接采购词；R05/R06分工；A08做采购检查","七族明确支持定制；OEM、MOQ、交期、样品政策未确认","https://monroeengineering.com/blog/the-pros-and-cons-of-weld-on-hinges/","同行公开词汇/主题扩展；不代表该完整词组已有搜索","未测","未测","全球英语采购客户；不限定国家（用户确认）","2026-09-20"
"OEM weld on hinges","定制与询价","定制采购资料","商业/询价","资料就绪后","/custom-hinges/；/resources/standard-vs-custom-weld-on-hinges/；/resources/prepare-hinge-drawing-dimension-request/","定制页接采购词；R05/R06分工；A08做采购检查","先确认OEM服务范围和品牌标识条件","https://monroeengineering.com/blog/the-pros-and-cons-of-weld-on-hinges/","同行公开词汇/主题扩展；不代表该完整词组已有搜索","未测","未测","全球英语采购客户；不限定国家（用户确认）","2026-09-20"
"weld on hinge minimum order quantity","定制与询价","定制采购资料","商业/询价","资料就绪后","/custom-hinges/；/resources/standard-vs-custom-weld-on-hinges/；/resources/prepare-hinge-drawing-dimension-request/","定制页接采购词；R05/R06分工；A08做采购检查","先确认MOQ政策；不编数字","https://monroeengineering.com/blog/the-pros-and-cons-of-weld-on-hinges/","同行公开词汇/主题扩展；不代表该完整词组已有搜索","未测","未测","全球英语采购客户；不限定国家（用户确认）","2026-09-20"
"weld on hinge lead time","定制与询价","定制采购资料","商业/询价","资料就绪后","/custom-hinges/；/resources/standard-vs-custom-weld-on-hinges/；/resources/prepare-hinge-drawing-dimension-request/","定制页接采购词；R05/R06分工；A08做采购检查","先确认实际报价条款；不承诺现货或交期","https://monroeengineering.com/blog/the-pros-and-cons-of-weld-on-hinges/","同行公开词汇/主题扩展；不代表该完整词组已有搜索","未测","未测","全球英语采购客户；不限定国家（用户确认）","2026-09-20"
"weld on hinge alignment","拆卸与装配","安装前几何检查","知识/选型","P1","提案A04：/resources/weld-on-hinge-alignment-and-removal-clearance/","新文；现有选型和尺寸文链接它","以原厂选择指南为一般知识依据；自家数值需测量","https://www.guden.com/selection-guides/weld-on-hinges","同行公开词汇/主题扩展；不代表该完整词组已有搜索","未测","未测","全球英语采购客户；不限定国家（用户确认）","2026-09-20"
"weld on hinge installation clearance","拆卸与装配","安装前几何检查","知识/选型","P1","提案A04：/resources/weld-on-hinge-alignment-and-removal-clearance/","新文；现有选型和尺寸文链接它","以原厂选择指南为一般知识依据；自家数值需测量","https://www.guden.com/selection-guides/weld-on-hinges","同行公开词汇/主题扩展；不代表该完整词组已有搜索","未测","未测","全球英语采购客户；不限定国家（用户确认）","2026-09-20"
"lift off hinge removal clearance","拆卸与装配","安装前几何检查","知识/选型","P1","提案A04：/resources/weld-on-hinge-alignment-and-removal-clearance/","新文；现有选型和尺寸文链接它","以原厂选择指南为一般知识依据；自家数值需测量","https://www.guden.com/selection-guides/weld-on-hinges","同行公开词汇/主题扩展；不代表该完整词组已有搜索","未测","未测","全球英语采购客户；不限定国家（用户确认）","2026-09-20"
"weld on hinge pin alignment","拆卸与装配","安装前几何检查","知识/选型","P1","提案A04：/resources/weld-on-hinge-alignment-and-removal-clearance/","新文；现有选型和尺寸文链接它","以原厂选择指南为一般知识依据；自家数值需测量","https://www.guden.com/selection-guides/weld-on-hinges","同行公开词汇/主题扩展；不代表该完整词组已有搜索","未测","未测","全球英语采购客户；不限定国家（用户确认）","2026-09-20"
"weld on hinge mounting position","拆卸与装配","安装前几何检查","知识/选型","P1","提案A04：/resources/weld-on-hinge-alignment-and-removal-clearance/","新文；现有选型和尺寸文链接它","以原厂选择指南为一般知识依据；自家数值需测量","https://www.guden.com/selection-guides/weld-on-hinges","同行公开词汇/主题扩展；不代表该完整词组已有搜索","未测","未测","全球英语采购客户；不限定国家（用户确认）","2026-09-20"
"weld on hinge door removal","拆卸与装配","安装前几何检查","知识/选型","P1","提案A04：/resources/weld-on-hinge-alignment-and-removal-clearance/","新文；现有选型和尺寸文链接它","以原厂选择指南为一般知识依据；自家数值需测量","https://www.guden.com/selection-guides/weld-on-hinges","同行公开词汇/主题扩展；不代表该完整词组已有搜索","未测","未测","全球英语采购客户；不限定国家（用户确认）","2026-09-20"
"how much clearance for lift off hinges","拆卸与装配","安装前几何检查","知识/选型","P1","提案A04：/resources/weld-on-hinge-alignment-and-removal-clearance/","新文；现有选型和尺寸文链接它","以原厂选择指南为一般知识依据；自家数值需测量","https://www.guden.com/selection-guides/weld-on-hinges","同行公开词汇/主题扩展；不代表该完整词组已有搜索","未测","未测","全球英语采购客户；不限定国家（用户确认）","2026-09-20"
"weld on hinge orientation","拆卸与装配","安装前几何检查","知识/选型","P1","提案A04：/resources/weld-on-hinge-alignment-and-removal-clearance/","新文；现有选型和尺寸文链接它","以原厂选择指南为一般知识依据；自家数值需测量","https://www.guden.com/selection-guides/weld-on-hinges","同行公开词汇/主题扩展；不代表该完整词组已有搜索","未测","未测","全球英语采购客户；不限定国家（用户确认）","2026-09-20"
"weld on vs bolt on hinges","安装方式比较","焊接与螺栓固定","知识/比较","P2","提案A09：/resources/weld-on-vs-bolt-on-hinges/","新文；不能暗示自家供应螺栓款","比较拆装、基材与工序；不给无依据优劣和载荷结论","https://monroeengineering.com/blog/the-pros-and-cons-of-weld-on-hinges/","同行公开词汇/主题扩展；不代表该完整词组已有搜索","未测","未测","全球英语采购客户；不限定国家（用户确认）","2026-09-20"
"weld on vs screw on hinges","安装方式比较","焊接与螺栓固定","知识/比较","P2","提案A09：/resources/weld-on-vs-bolt-on-hinges/","新文；不能暗示自家供应螺栓款","比较拆装、基材与工序；不给无依据优劣和载荷结论","https://monroeengineering.com/blog/the-pros-and-cons-of-weld-on-hinges/","同行公开词汇/主题扩展；不代表该完整词组已有搜索","未测","未测","全球英语采购客户；不限定国家（用户确认）","2026-09-20"
"advantages of weld on hinges","安装方式比较","焊接与螺栓固定","知识/比较","P2","提案A09：/resources/weld-on-vs-bolt-on-hinges/","新文；不能暗示自家供应螺栓款","比较拆装、基材与工序；不给无依据优劣和载荷结论","https://monroeengineering.com/blog/the-pros-and-cons-of-weld-on-hinges/","同行公开词汇/主题扩展；不代表该完整词组已有搜索","未测","未测","全球英语采购客户；不限定国家（用户确认）","2026-09-20"
"disadvantages of weld on hinges","安装方式比较","焊接与螺栓固定","知识/比较","P2","提案A09：/resources/weld-on-vs-bolt-on-hinges/","新文；不能暗示自家供应螺栓款","比较拆装、基材与工序；不给无依据优劣和载荷结论","https://monroeengineering.com/blog/the-pros-and-cons-of-weld-on-hinges/","同行公开词汇/主题扩展；不代表该完整词组已有搜索","未测","未测","全球英语采购客户；不限定国家（用户确认）","2026-09-20"
"when to use weld on hinges","安装方式比较","焊接与螺栓固定","知识/比较","P2","提案A09：/resources/weld-on-vs-bolt-on-hinges/","新文；不能暗示自家供应螺栓款","比较拆装、基材与工序；不给无依据优劣和载荷结论","https://monroeengineering.com/blog/the-pros-and-cons-of-weld-on-hinges/","同行公开词汇/主题扩展；不代表该完整词组已有搜索","未测","未测","全球英语采购客户；不限定国家（用户确认）","2026-09-20"
"weld on vs butt hinges","安装方式比较","焊接与螺栓固定","知识/比较","P2","提案A09：/resources/weld-on-vs-bolt-on-hinges/","新文；不能暗示自家供应螺栓款","比较拆装、基材与工序；不给无依据优劣和载荷结论","https://monroeengineering.com/blog/the-pros-and-cons-of-weld-on-hinges/","同行公开词汇/主题扩展；不代表该完整词组已有搜索","未测","未测","全球英语采购客户；不限定国家（用户确认）","2026-09-20"
"weld on hinge load capacity","承载信息","载荷与选型条件","知识/性能询问","资料就绪后","提案A10：/resources/weld-on-hinge-load-capacity-questions/","写提问清单；额定数据未有时不写承诺","产品自重不是承载；门宽、高、重、间距和工况须技术审核","https://www.kirmell.co.uk/what-are-weld-on-butt-hinges/","同行公开词汇/主题扩展；不代表该完整词组已有搜索","未测","未测","全球英语采购客户；不限定国家（用户确认）","2026-09-20"
"how much weight can a weld on hinge hold","承载信息","载荷与选型条件","知识/性能询问","资料就绪后","提案A10：/resources/weld-on-hinge-load-capacity-questions/","写提问清单；额定数据未有时不写承诺","产品自重不是承载；门宽、高、重、间距和工况须技术审核","https://www.kirmell.co.uk/what-are-weld-on-butt-hinges/","同行公开词汇/主题扩展；不代表该完整词组已有搜索","未测","未测","全球英语采购客户；不限定国家（用户确认）","2026-09-20"
"heavy duty weld on hinges","承载信息","载荷与选型条件","知识/性能询问","资料就绪后","提案A10：/resources/weld-on-hinge-load-capacity-questions/","写提问清单；额定数据未有时不写承诺","产品自重不是承载；门宽、高、重、间距和工况须技术审核","https://www.kirmell.co.uk/what-are-weld-on-butt-hinges/","同行公开词汇/主题扩展；不代表该完整词组已有搜索","未测","未测","全球英语采购客户；不限定国家（用户确认）","2026-09-20"
"hinge load rating vs hinge weight","承载信息","载荷与选型条件","知识/性能询问","资料就绪后","提案A10：/resources/weld-on-hinge-load-capacity-questions/","写提问清单；额定数据未有时不写承诺","产品自重不是承载；门宽、高、重、间距和工况须技术审核","https://www.kirmell.co.uk/what-are-weld-on-butt-hinges/","同行公开词汇/主题扩展；不代表该完整词组已有搜索","未测","未测","全球英语采购客户；不限定国家（用户确认）","2026-09-20"
"gate hinge load capacity","承载信息","载荷与选型条件","知识/性能询问","资料就绪后","提案A10：/resources/weld-on-hinge-load-capacity-questions/","写提问清单；额定数据未有时不写承诺","产品自重不是承载；门宽、高、重、间距和工况须技术审核","https://www.kirmell.co.uk/what-are-weld-on-butt-hinges/","同行公开词汇/主题扩展；不代表该完整词组已有搜索","未测","未测","全球英语采购客户；不限定国家（用户确认）","2026-09-20"
"how many hinges for a heavy gate","承载信息","载荷与选型条件","知识/性能询问","资料就绪后","提案A10：/resources/weld-on-hinge-load-capacity-questions/","写提问清单；额定数据未有时不写承诺","产品自重不是承载；门宽、高、重、间距和工况须技术审核","https://www.kirmell.co.uk/what-are-weld-on-butt-hinges/","同行公开词汇/主题扩展；不代表该完整词组已有搜索","未测","未测","全球英语采购客户；不限定国家（用户确认）","2026-09-20"
"door weight hinge selection","承载信息","载荷与选型条件","知识/性能询问","资料就绪后","提案A10：/resources/weld-on-hinge-load-capacity-questions/","写提问清单；额定数据未有时不写承诺","产品自重不是承载；门宽、高、重、间距和工况须技术审核","https://www.kirmell.co.uk/what-are-weld-on-butt-hinges/","同行公开词汇/主题扩展；不代表该完整词组已有搜索","未测","未测","全球英语采购客户；不限定国家（用户确认）","2026-09-20"
"hinge spacing load capacity","承载信息","载荷与选型条件","知识/性能询问","资料就绪后","提案A10：/resources/weld-on-hinge-load-capacity-questions/","写提问清单；额定数据未有时不写承诺","产品自重不是承载；门宽、高、重、间距和工况须技术审核","https://www.kirmell.co.uk/what-are-weld-on-butt-hinges/","同行公开词汇/主题扩展；不代表该完整词组已有搜索","未测","未测","全球英语采购客户；不限定国家（用户确认）","2026-09-20"
"weld on hinge binding","卡滞与维护","安装故障与保养问题","知识/售后","资料就绪后","提案A11：/resources/weld-on-hinge-binding-checks/","新文需真实技术核对；不直接教未经验证焊接工艺","一般排查方向可研究；焊接参数、油脂周期无自家依据","https://www.guden.com/selection-guides/weld-on-hinges","同行公开词汇/主题扩展；不代表该完整词组已有搜索","未测","未测","全球英语采购客户；不限定国家（用户确认）","2026-09-20"
"hinge stiff after welding","卡滞与维护","安装故障与保养问题","知识/售后","资料就绪后","提案A11：/resources/weld-on-hinge-binding-checks/","新文需真实技术核对；不直接教未经验证焊接工艺","一般排查方向可研究；焊接参数、油脂周期无自家依据","https://www.guden.com/selection-guides/weld-on-hinges","同行公开词汇/主题扩展；不代表该完整词组已有搜索","未测","未测","全球英语采购客户；不限定国家（用户确认）","2026-09-20"
"weld on hinge misalignment","卡滞与维护","安装故障与保养问题","知识/售后","资料就绪后","提案A11：/resources/weld-on-hinge-binding-checks/","新文需真实技术核对；不直接教未经验证焊接工艺","一般排查方向可研究；焊接参数、油脂周期无自家依据","https://www.guden.com/selection-guides/weld-on-hinges","同行公开词汇/主题扩展；不代表该完整词组已有搜索","未测","未测","全球英语采购客户；不限定国家（用户确认）","2026-09-20"
"weld on hinge maintenance","卡滞与维护","安装故障与保养问题","知识/售后","资料就绪后","提案A11：/resources/weld-on-hinge-binding-checks/","新文需真实技术核对；不直接教未经验证焊接工艺","一般排查方向可研究；焊接参数、油脂周期无自家依据","https://www.guden.com/selection-guides/weld-on-hinges","同行公开词汇/主题扩展；不代表该完整词组已有搜索","未测","未测","全球英语采购客户；不限定国家（用户确认）","2026-09-20"
"gate hinge sagging","卡滞与维护","安装故障与保养问题","知识/售后","资料就绪后","提案A11：/resources/weld-on-hinge-binding-checks/","新文需真实技术核对；不直接教未经验证焊接工艺","一般排查方向可研究；焊接参数、油脂周期无自家依据","https://www.guden.com/selection-guides/weld-on-hinges","同行公开词汇/主题扩展；不代表该完整词组已有搜索","未测","未测","全球英语采购客户；不限定国家（用户确认）","2026-09-20"
"weld on hinge squeaking","卡滞与维护","安装故障与保养问题","知识/售后","资料就绪后","提案A11：/resources/weld-on-hinge-binding-checks/","新文需真实技术核对；不直接教未经验证焊接工艺","一般排查方向可研究；焊接参数、油脂周期无自家依据","https://www.guden.com/selection-guides/weld-on-hinges","同行公开词汇/主题扩展；不代表该完整词组已有搜索","未测","未测","全球英语采购客户；不限定国家（用户确认）","2026-09-20"
"weld on hinge pin wear","卡滞与维护","安装故障与保养问题","知识/售后","资料就绪后","提案A11：/resources/weld-on-hinge-binding-checks/","新文需真实技术核对；不直接教未经验证焊接工艺","一般排查方向可研究；焊接参数、油脂周期无自家依据","https://www.guden.com/selection-guides/weld-on-hinges","同行公开词汇/主题扩展；不代表该完整词组已有搜索","未测","未测","全球英语采购客户；不限定国家（用户确认）","2026-09-20"
"weld on hinge welding distortion","卡滞与维护","安装故障与保养问题","知识/售后","资料就绪后","提案A11：/resources/weld-on-hinge-binding-checks/","新文需真实技术核对；不直接教未经验证焊接工艺","一般排查方向可研究；焊接参数、油脂周期无自家依据","https://www.guden.com/selection-guides/weld-on-hinges","同行公开词汇/主题扩展；不代表该完整词组已有搜索","未测","未测","全球英语采购客户；不限定国家（用户确认）","2026-09-20"
"steel weld on hinges","材料与表面","材料、耐蚀和表面处理","产品/比较","资料就绪后","提案A12：/resources/weld-on-hinge-materials-and-finishes/","暂缓产品承诺；取得材料与处理资料后再写","同行供应能力不能归给HINGETRA；须逐款材料和表面证据","https://www.pinet-industrie.com/en/products/24875-weld-on-hinges-and-others","同行公开词汇/主题扩展；不代表该完整词组已有搜索","未测","未测","全球英语采购客户；不限定国家（用户确认）","2026-09-20"
"stainless steel weld on hinges","材料与表面","材料、耐蚀和表面处理","产品/比较","资料就绪后","提案A12：/resources/weld-on-hinge-materials-and-finishes/","暂缓产品承诺；取得材料与处理资料后再写","同行供应能力不能归给HINGETRA；须逐款材料和表面证据","https://www.pinet-industrie.com/en/products/24875-weld-on-hinges-and-others","同行公开词汇/主题扩展；不代表该完整词组已有搜索","未测","未测","全球英语采购客户；不限定国家（用户确认）","2026-09-20"
"304 stainless steel weld on hinges","材料与表面","材料、耐蚀和表面处理","产品/比较","资料就绪后","提案A12：/resources/weld-on-hinge-materials-and-finishes/","暂缓产品承诺；取得材料与处理资料后再写","同行供应能力不能归给HINGETRA；须逐款材料和表面证据","https://www.pinet-industrie.com/en/products/24875-weld-on-hinges-and-others","同行公开词汇/主题扩展；不代表该完整词组已有搜索","未测","未测","全球英语采购客户；不限定国家（用户确认）","2026-09-20"
"316 stainless steel weld on hinges","材料与表面","材料、耐蚀和表面处理","产品/比较","资料就绪后","提案A12：/resources/weld-on-hinge-materials-and-finishes/","暂缓产品承诺；取得材料与处理资料后再写","同行供应能力不能归给HINGETRA；须逐款材料和表面证据","https://www.pinet-industrie.com/en/products/24875-weld-on-hinges-and-others","同行公开词汇/主题扩展；不代表该完整词组已有搜索","未测","未测","全球英语采购客户；不限定国家（用户确认）","2026-09-20"
"aluminum weld on hinges","材料与表面","材料、耐蚀和表面处理","产品/比较","资料就绪后","提案A12：/resources/weld-on-hinge-materials-and-finishes/","暂缓产品承诺；取得材料与处理资料后再写","同行供应能力不能归给HINGETRA；须逐款材料和表面证据","https://www.pinet-industrie.com/en/products/24875-weld-on-hinges-and-others","同行公开词汇/主题扩展；不代表该完整词组已有搜索","未测","未测","全球英语采购客户；不限定国家（用户确认）","2026-09-20"
"aluminium weld on hinges","材料与表面","材料、耐蚀和表面处理","产品/比较","资料就绪后","提案A12：/resources/weld-on-hinge-materials-and-finishes/","暂缓产品承诺；取得材料与处理资料后再写","同行供应能力不能归给HINGETRA；须逐款材料和表面证据","https://www.pinet-industrie.com/en/products/24875-weld-on-hinges-and-others","同行公开词汇/主题扩展；不代表该完整词组已有搜索","未测","未测","全球英语采购客户；不限定国家（用户确认）","2026-09-20"
"steel vs stainless steel hinges","材料与表面","材料、耐蚀和表面处理","产品/比较","资料就绪后","提案A12：/resources/weld-on-hinge-materials-and-finishes/","暂缓产品承诺；取得材料与处理资料后再写","同行供应能力不能归给HINGETRA；须逐款材料和表面证据","https://www.pinet-industrie.com/en/products/24875-weld-on-hinges-and-others","同行公开词汇/主题扩展；不代表该完整词组已有搜索","未测","未测","全球英语采购客户；不限定国家（用户确认）","2026-09-20"
"brass pin weld on hinges","材料与表面","材料、耐蚀和表面处理","产品/比较","资料就绪后","提案A12：/resources/weld-on-hinge-materials-and-finishes/","暂缓产品承诺；取得材料与处理资料后再写","同行供应能力不能归给HINGETRA；须逐款材料和表面证据","https://www.pinet-industrie.com/en/products/24875-weld-on-hinges-and-others","同行公开词汇/主题扩展；不代表该完整词组已有搜索","未测","未测","全球英语采购客户；不限定国家（用户确认）","2026-09-20"
"brass washer weld on hinges","材料与表面","材料、耐蚀和表面处理","产品/比较","资料就绪后","提案A12：/resources/weld-on-hinge-materials-and-finishes/","暂缓产品承诺；取得材料与处理资料后再写","同行供应能力不能归给HINGETRA；须逐款材料和表面证据","https://www.pinet-industrie.com/en/products/24875-weld-on-hinges-and-others","同行公开词汇/主题扩展；不代表该完整词组已有搜索","未测","未测","全球英语采购客户；不限定国家（用户确认）","2026-09-20"
"zinc plated weld on hinges","材料与表面","材料、耐蚀和表面处理","产品/比较","资料就绪后","提案A12：/resources/weld-on-hinge-materials-and-finishes/","暂缓产品承诺；取得材料与处理资料后再写","同行供应能力不能归给HINGETRA；须逐款材料和表面证据","https://www.pinet-industrie.com/en/products/24875-weld-on-hinges-and-others","同行公开词汇/主题扩展；不代表该完整词组已有搜索","未测","未测","全球英语采购客户；不限定国家（用户确认）","2026-09-20"
"galvanized weld on hinges","材料与表面","材料、耐蚀和表面处理","产品/比较","资料就绪后","提案A12：/resources/weld-on-hinge-materials-and-finishes/","暂缓产品承诺；取得材料与处理资料后再写","同行供应能力不能归给HINGETRA；须逐款材料和表面证据","https://www.pinet-industrie.com/en/products/24875-weld-on-hinges-and-others","同行公开词汇/主题扩展；不代表该完整词组已有搜索","未测","未测","全球英语采购客户；不限定国家（用户确认）","2026-09-20"
"weld on hinge corrosion resistance","材料与表面","材料、耐蚀和表面处理","产品/比较","资料就绪后","提案A12：/resources/weld-on-hinge-materials-and-finishes/","暂缓产品承诺；取得材料与处理资料后再写","同行供应能力不能归给HINGETRA；须逐款材料和表面证据","https://www.pinet-industrie.com/en/products/24875-weld-on-hinges-and-others","同行公开词汇/主题扩展；不代表该完整词组已有搜索","未测","未测","全球英语采购客户；不限定国家（用户确认）","2026-09-20"
"weld on hinge CAD","CAD下载意图","工程文件需求","技术资料/采购","资料就绪后","现有对应产品详情页","真实可下载文件备齐后补，不建空下载页","网站现有图片图纸不等于STEP/DWG/CAD文件","https://www.guden.com/selection-guides/weld-on-hinges","同行公开词汇/主题扩展；不代表该完整词组已有搜索","未测","未测","全球英语采购客户；不限定国家（用户确认）","2026-09-20"
"weld on hinge CAD download","CAD下载意图","工程文件需求","技术资料/采购","资料就绪后","现有对应产品详情页","真实可下载文件备齐后补，不建空下载页","网站现有图片图纸不等于STEP/DWG/CAD文件","https://www.guden.com/selection-guides/weld-on-hinges","同行公开词汇/主题扩展；不代表该完整词组已有搜索","未测","未测","全球英语采购客户；不限定国家（用户确认）","2026-09-20"
"weld on hinge STEP file","CAD下载意图","工程文件需求","技术资料/采购","资料就绪后","现有对应产品详情页","真实可下载文件备齐后补，不建空下载页","网站现有图片图纸不等于STEP/DWG/CAD文件","https://www.guden.com/selection-guides/weld-on-hinges","同行公开词汇/主题扩展；不代表该完整词组已有搜索","未测","未测","全球英语采购客户；不限定国家（用户确认）","2026-09-20"
"weld on hinge DWG","CAD下载意图","工程文件需求","技术资料/采购","资料就绪后","现有对应产品详情页","真实可下载文件备齐后补，不建空下载页","网站现有图片图纸不等于STEP/DWG/CAD文件","https://www.guden.com/selection-guides/weld-on-hinges","同行公开词汇/主题扩展；不代表该完整词组已有搜索","未测","未测","全球英语采购客户；不限定国家（用户确认）","2026-09-20"
"bullet hinge CAD drawing","CAD下载意图","工程文件需求","技术资料/采购","资料就绪后","现有对应产品详情页","真实可下载文件备齐后补，不建空下载页","网站现有图片图纸不等于STEP/DWG/CAD文件","https://www.guden.com/selection-guides/weld-on-hinges","同行公开词汇/主题扩展；不代表该完整词组已有搜索","未测","未测","全球英语采购客户；不限定国家（用户确认）","2026-09-20"
"weld on hinge 3D model","CAD下载意图","工程文件需求","技术资料/采购","资料就绪后","现有对应产品详情页","真实可下载文件备齐后补，不建空下载页","网站现有图片图纸不等于STEP/DWG/CAD文件","https://www.guden.com/selection-guides/weld-on-hinges","同行公开词汇/主题扩展；不代表该完整词组已有搜索","未测","未测","全球英语采购客户；不限定国家（用户确认）","2026-09-20"
"soft close kitchen cabinet hinges","暂不承接","明显异品类或未证能力","排除/暂缓","排除","不建页面","不纳入首轮文章；除非日后确认新增业务","不应因宽泛hinge流量牵引偏离现有10类产品","https://hingetra.com/products/","现有目录/本站主题扩展；不代表已观测搜索","未测","未测","全球英语采购客户；不限定国家（用户确认）","2026-09-20"
"concealed furniture hinges","暂不承接","明显异品类或未证能力","排除/暂缓","排除","不建页面","不纳入首轮文章；除非日后确认新增业务","不应因宽泛hinge流量牵引偏离现有10类产品","https://hingetra.com/products/","现有目录/本站主题扩展；不代表已观测搜索","未测","未测","全球英语采购客户；不限定国家（用户确认）","2026-09-20"
"piano hinge manufacturer","暂不承接","明显异品类或未证能力","排除/暂缓","排除","不建页面","不纳入首轮文章；除非日后确认新增业务","不应因宽泛hinge流量牵引偏离现有10类产品","https://hingetra.com/products/","现有目录/本站主题扩展；不代表已观测搜索","未测","未测","全球英语采购客户；不限定国家（用户确认）","2026-09-20"
"spring loaded gate hinges","暂不承接","明显异品类或未证能力","排除/暂缓","排除","不建页面","不纳入首轮文章；除非日后确认新增业务","不应因宽泛hinge流量牵引偏离现有10类产品","https://hingetra.com/products/","现有目录/本站主题扩展；不代表已观测搜索","未测","未测","全球英语采购客户；不限定国家（用户确认）","2026-09-20"
"self closing pool gate hinges","暂不承接","明显异品类或未证能力","排除/暂缓","排除","不建页面","不纳入首轮文章；除非日后确认新增业务","不应因宽泛hinge流量牵引偏离现有10类产品","https://hingetra.com/products/","现有目录/本站主题扩展；不代表已观测搜索","未测","未测","全球英语采购客户；不限定国家（用户确认）","2026-09-20"
"fire rated hinges","暂不承接","明显异品类或未证能力","排除/暂缓","排除","不建页面","不纳入首轮文章；除非日后确认新增业务","不应因宽泛hinge流量牵引偏离现有10类产品","https://hingetra.com/products/","现有目录/本站主题扩展；不代表已观测搜索","未测","未测","全球英语采购客户；不限定国家（用户确认）","2026-09-20"
"certified marine hinges","暂不承接","明显异品类或未证能力","排除/暂缓","排除","不建页面","不纳入首轮文章；除非日后确认新增业务","不应因宽泛hinge流量牵引偏离现有10类产品","https://hingetra.com/products/","现有目录/本站主题扩展；不代表已观测搜索","未测","未测","全球英语采购客户；不限定国家（用户确认）","2026-09-20"
"uPVC flag hinge adjustment","暂不承接","明显异品类或未证能力","排除/暂缓","排除","不建页面","不纳入首轮文章；除非日后确认新增业务","不应因宽泛hinge流量牵引偏离现有10类产品","https://hingetra.com/products/","现有目录/本站主题扩展；不代表已观测搜索","未测","未测","全球英语采购客户；不限定国家（用户确认）","2026-09-20"
"door closer hinge","暂不承接","明显异品类或未证能力","排除/暂缓","排除","不建页面","不纳入首轮文章；除非日后确认新增业务","不应因宽泛hinge流量牵引偏离现有10类产品","https://hingetra.com/products/","现有目录/本站主题扩展；不代表已观测搜索","未测","未测","全球英语采购客户；不限定国家（用户确认）","2026-09-20"
"hinge dating app","暂不承接","明显异品类或未证能力","排除/暂缓","排除","不建页面","不纳入首轮文章；除非日后确认新增业务","不应因宽泛hinge流量牵引偏离现有10类产品","https://hingetra.com/products/","现有目录/本站主题扩展；不代表已观测搜索","未测","未测","全球英语采购客户；不限定国家（用户确认）","2026-09-20"
