编号,分类,编辑优先级（非搜索量排名）,中文问题,英文问题,问题来源类型,建议位置,外部来源链接,完整答法位置
Q01,A. 基础选型与承重,P2：后续储备,焊接式与螺栓固定式铰链，应该怎么选？,Should I choose weld-on or bolt-on hinges?,指南提炼,现有草稿 A09，技术审阅后再扩展。,https://monroeengineering.com/blog/the-pros-and-cons-of-weld-on-hinges/,2026-09-20-weld-on-hinge-faq-research.md / Q01
Q02,A. 基础选型与承重,P1：首批补充,Bullet hinge、barrel hinge 和 weld-on hinge 是同一种吗？,"Are bullet hinges, barrel hinges and weld-on hinges the same?",产品分类提炼,名称说明 (https://hingetra.com/resources/bullet-barrel-weld-on-hinge-names/)。,https://www.guden.com/catsearch/123/weld-on-bullet-hinges/1,2026-09-20-weld-on-hinge-faq-research.md / Q02
Q03,A. 基础选型与承重,P1：首批补充,订购焊接铰链时，长度和直径应该量哪里？,Which dimensions should I measure before ordering a weld-on hinge?,产品参数提炼并与自家目录交叉核对,尺寸指南 (https://hingetra.com/resources/weld-on-hinge-sizes/)。,https://www.guden.com/catsearch/123/weld-on-bullet-hinges/1,2026-09-20-weld-on-hinge-faq-research.md / Q03
Q04,A. 基础选型与承重,P2：后续储备,大门、拖车门和电柜门，可以直接用同一种铰链吗？,"Can the same hinge be used on a gate, trailer door and cabinet door?",技术资料提炼,选型指南 (https://hingetra.com/resources/how-to-choose-weld-on-hinges/)。,https://www.jwwinco.com/fileadmin/user_upload_jwwinco/downloads/Multiple-Joint_Hinges_2022_SR.pdf,2026-09-20-weld-on-hinge-faq-research.md / Q04
Q05,A. 基础选型与承重,P1：首批补充,一只焊接铰链到底能承受多重的门？,How much door weight can a weld-on hinge support?,技术资料提炼并核对本地字段,选型指南 (https://hingetra.com/resources/how-to-choose-weld-on-hinges/)；具体承重专题仍为草稿 A10。,https://www.jwwinco.com/fileadmin/user_upload_jwwinco/downloads/Multiple-Joint_Hinges_2022_SR.pdf,2026-09-20-weld-on-hinge-faq-research.md / Q05
Q06,A. 基础选型与承重,P2：后续储备,门的重量一样，宽度不同，选型也会不同吗？,Does door width matter if two doors weigh the same?,公开 FAQ 改写,草稿 A10。,https://www.guden.com/catsearch/31/Continuous-Hinges,2026-09-20-weld-on-hinge-faq-research.md / Q06
Q07,A. 基础选型与承重,P2：后续储备,承重标注是指一只铰链，还是一对铰链？,Does a hinge load rating apply to one hinge or a pair?,技术资料提炼,草稿 A10。,https://www.jwwinco.com/fileadmin/user_upload_jwwinco/downloads/Multiple-Joint_Hinges_2022_SR.pdf,2026-09-20-weld-on-hinge-faq-research.md / Q07
Q08,A. 基础选型与承重,P2：后续储备,两只换成三只，承重就能增加一半吗？,Will adding a third hinge increase capacity by 50 percent?,技术资料提炼,草稿 A10。,https://www.jwwinco.com/fileadmin/user_upload_jwwinco/downloads/Multiple-Joint_Hinges_2022_SR.pdf,2026-09-20-weld-on-hinge-faq-research.md / Q08
Q09,B. 结构与安装,P1：首批补充,轴承型、销轴型和垫圈型，哪一种更适合？,"How do bearing, pin and washer hinge designs differ?",产品分类提炼,结构比较 (https://hingetra.com/resources/bearing-pin-washer-weld-on-hinges/)。,https://www.pinet-industrie.com/en/products/24875-weld-on-hinges-and-others,2026-09-20-weld-on-hinge-faq-research.md / Q09
Q10,B. 结构与安装,P1：首批补充,带 washer 或 gasket 的铰链，是不是防水密封的？,Does a washer or gasket hinge provide a weather seal?,由组件资料提炼的编辑问题,结构比较 (https://hingetra.com/resources/bearing-pin-washer-weld-on-hinges/)。,https://www.pinet-industrie.com/en/products/24875-weld-on-hinges-and-others,2026-09-20-weld-on-hinge-faq-research.md / Q10
Q11,B. 结构与安装,P2：后续储备,“可调铰链”具体能调什么？能调开门阻力吗？,Does an adjustable hinge change door position or opening resistance?,产品分类提炼,草稿 A05。,https://www.jwwinco.com/en-us/hinges,2026-09-20-weld-on-hinge-faq-research.md / Q11
Q12,B. 结构与安装,P2：后续储备,怎样判断铰链的左式和右式？,How do I specify a left-hand or right-hand hinge?,公开 FAQ 改写,草稿 A06。,https://www.guden.com/catsearch/93/lift-off-hinges,2026-09-20-weld-on-hinge-faq-research.md / Q12
Q13,B. 结构与安装,P1：首批补充,铰链焊上以后，门还能拆下来吗？,Can a door still be removed after its hinges are welded on?,公开 FAQ 与产品分类提炼,安装与拆卸空间 (https://hingetra.com/resources/weld-on-hinge-alignment-and-removal-clearance/)。,https://www.guden.com/catsearch/93/lift-off-hinges | https://www.jwwinco.com/en-us/hinges,2026-09-20-weld-on-hinge-faq-research.md / Q13
Q14,B. 结构与安装,P1：首批补充,可拆式铰链上方需要留多少空间？,How much clearance does a lift-off hinge need for removal?,选型指南提炼,安装与拆卸空间 (https://hingetra.com/resources/weld-on-hinge-alignment-and-removal-clearance/)。,https://www.guden.com/selection-guides/weld-on-hinges,2026-09-20-weld-on-hinge-faq-research.md / Q14
Q15,B. 结构与安装,P2：后续储备,焊接铰链都能打开到 180° 吗？,Can every weld-on hinge open through 180 degrees?,具体型号资料提炼,选型指南的开门空间问题。,https://www.locinox.com/en-gb/180-weld-on-4d-adjustable-hinge-p00013028,2026-09-20-weld-on-hinge-faq-research.md / Q15
Q16,B. 结构与安装,P2：后续储备,为什么焊接以后，铰链转动变紧或卡住？,What should I check if a hinge binds after welding?,由选型指南提炼的故障问题,草稿 A11。,https://www.guden.com/selection-guides/weld-on-hinges,2026-09-20-weld-on-hinge-faq-research.md / Q16
Q17,B. 结构与安装,P2：后续储备,安装时有没有通用的焊接电流和焊缝要求？,Is there one welding procedure that works for every weld-on hinge?,由安装方式说明提炼的问题,草稿 A09 的适用边界。,https://monroeengineering.com/blog/the-pros-and-cons-of-weld-on-hinges/,2026-09-20-weld-on-hinge-faq-research.md / Q17
Q18,C. 材料与维护,P1：首批补充,带注油嘴的铰链有什么作用？,What is the purpose of a grease fitting on a hinge?,型号技术资料提炼,注油嘴指南 (https://hingetra.com/resources/grease-fitting-weld-on-hinges/)。,https://live-catalog.jwwinco.com/pdf/winco/us/1366.pdf?dispositiontype=attachment,2026-09-20-weld-on-hinge-faq-research.md / Q18
Q19,C. 材料与维护,P2：后续储备,应该多久加一次油，用什么润滑脂？,"How often should I lubricate the hinge, and which grease should I use?",由润滑功能提炼的后续问题,注油嘴指南；型号说明待补。,https://live-catalog.jwwinco.com/pdf/winco/us/1366.pdf?dispositiontype=attachment,2026-09-20-weld-on-hinge-faq-research.md / Q19
Q20,C. 材料与维护,P1：首批补充,注油嘴在安装后会不会被门框挡住？,Will the grease fitting remain accessible after installation?,由再润滑功能推导的安装检查项,注油嘴指南 (https://hingetra.com/resources/grease-fitting-weld-on-hinges/)。,https://live-catalog.jwwinco.com/pdf/winco/us/1366.pdf?dispositiontype=attachment,2026-09-20-weld-on-hinge-faq-research.md / Q20
Q21,C. 材料与维护,P2：后续储备,铰链本体和销轴一定是相同材料吗？,Are the hinge body and pin always made from the same material?,产品分类提炼,草稿 A12。,https://www.guden.com/catsearch/123/weld-on-bullet-hinges/1 | https://www.pinet-industrie.com/en/products/24875-weld-on-hinges-and-others,2026-09-20-weld-on-hinge-faq-research.md / Q21
Q22,C. 材料与维护,P2：后续储备,户外使用时，应该怎样提出材料和防腐要求？,What material and finish information should I specify for outdoor use?,材料指南与型号资料提炼,草稿 A12。,https://www.jwwinco.com/en-us/technical/engineering-tips/stainless-steel-characteristics | https://www.locinox.com/en-gb/180-weld-on-4d-adjustable-hinge-p00013028,2026-09-20-weld-on-hinge-faq-research.md / Q22
Q23,D. 图纸、定制与采购,P1：首批补充,我只有旧铰链，替换时需要提供什么？,What information is needed to match a replacement weld-on hinge?,产品参数和自家图纸指南提炼,尺寸指南 (https://hingetra.com/resources/weld-on-hinge-sizes/)；完整替换示例留在草稿 A07。,https://www.guden.com/catsearch/123/weld-on-bullet-hinges/1,2026-09-20-weld-on-hinge-faq-research.md / Q23
Q24,D. 图纸、定制与采购,P2：后续储备,能提供尺寸图、2D 图纸或 3D CAD 吗？,Are dimensioned drawings and CAD files available for the hinge?,产品页面资料入口提炼,产品页资料说明，具体文件清单待补。,https://www.guden.com/catsearch/123/weld-on-bullet-hinges/1,2026-09-20-weld-on-hinge-faq-research.md / Q24
Q25,D. 图纸、定制与采购,P1：首批补充,要获得可比较的报价，应该先发哪些信息？,What details should I include in a hinge quotation request?,询价表和自家指南提炼,图纸与 RFQ 指南 (https://hingetra.com/resources/prepare-hinge-drawing-dimension-request/)。,https://www.guden.com/selection-guides/weld-on-hinges,2026-09-20-weld-on-hinge-faq-research.md / Q25
Q26,D. 图纸、定制与采购,P1：首批补充,标准尺寸不合适，能不能按图修改？,Can a standard weld-on hinge be modified to match my drawing?,公开 FAQ 主题与自家目录交叉核对,标准与定制指南 (https://hingetra.com/resources/standard-vs-custom-weld-on-hinges/)。,https://www.guden.com/catsearch/93/lift-off-hinges,2026-09-20-weld-on-hinge-faq-research.md / Q26
Q27,D. 图纸、定制与采购,P2：后续储备,标准件和定制件的起订量是多少？,What is the minimum order quantity for standard and custom hinges?,公开 FAQ 改写；补充供应商公开列表线索,销售问答，条件确认后再公开。,https://morganhinges.com/faq/ | https://welded-hinge.en.alibaba.com/productlist.html,2026-09-20-weld-on-hinge-faq-research.md / Q27
Q28,D. 图纸、定制与采购,P2：后续储备,能先购买样品或少量试装件吗？,Can I order a sample or a small quantity for a fit check?,公开 FAQ 改写,销售问答，条件确认后再公开。,https://morganhinges.com/faq/,2026-09-20-weld-on-hinge-faq-research.md / Q28
Q29,D. 图纸、定制与采购,P2：后续储备,是否有现货？正常生产和交货需要多久？,"Is the hinge in stock, and what lead time should I expect?",公开 FAQ 改写,销售问答，按订单答复。,https://morganhinges.com/faq/,2026-09-20-weld-on-hinge-faq-research.md / Q29
Q30,D. 图纸、定制与采购,P2：后续储备,有没有对应型号的承重测试或符合性文件？,What test reports or conformity documents are available for this model?,公开 FAQ 改写,询价清单；具体文件状态待确认。,https://morganhinges.com/faq/,2026-09-20-weld-on-hinge-faq-research.md / Q30
Q31,D. 图纸、定制与采购,P2：后续储备,报价是按单只、成对还是整套？包括哪些零件？,"Is the price for one hinge, a pair or a complete assembly?",公开 FAQ 主题改写,草稿 A08 和报价单字段。,https://morganhinges.com/faq/,2026-09-20-weld-on-hinge-faq-research.md / Q31
Q32,D. 图纸、定制与采购,P2：后续储备,两家供应商的单价不同，应该怎样比较？,What should I compare besides the quoted unit price?,公开商务 FAQ 与自家询价清单提炼,草稿 A08。,https://morganhinges.com/faq/,2026-09-20-weld-on-hinge-faq-research.md / Q32
